{
  "model": "fp32.tflite",
  "file_size_mb": 3.5857696533203125,
  "file_sha1": "60c253092b971521ab961c8abc48a20244fe5f92",
  "tflite_runtime_version": "unknown",
  "tensorflow_version": "not_installed",
  "backend_used": "tflite_runtime",
  "dataset": {
    "path": "data_mixed",
    "num_images": 378,
    "classes": [
      "Biological",
      "Metal",
      "Paper",
      "Plastic"
    ],
    "class_order_source": "classes.json"
  },
  "settings": {
    "warmup_runs": 30,
    "bench_runs": 300,
    "load_reps": 5,
    "sample_every": 10,
    "num_threads": 4,
    "float_preprocess_mode": "raw_255",
    "seed": 42
  },
  "load_time_mean_s": 0.015305681800055027,
  "load_time_std_s": 0.027184903799089232,
  "infer_ms_mean": 27.35462704664921,
  "infer_ms_std": 1.7924011230789865,
  "infer_ms_p50": 27.21617949987376,
  "infer_ms_p95": 29.951333200187946,
  "throughput_img_s": 36.556886639128734,
  "cpu_mean": 166.09333333333333,
  "cpu_peak": 193.1,
  "ram_mean_mb": 95.430078125,
  "ram_peak_mb": 95.48828125,
  "temp_start_c": 62.809,
  "temp_mean_c": 68.6043,
  "temp_peak_c": 70.114,
  "accuracy": 0.8227513227513228,
  "macro_f1": 0.8194435787108201,
  "per_class_report": {
    "Biological": {
      "precision": 0.9411764705882353,
      "recall": 0.9504950495049505,
      "f1-score": 0.9458128078817734,
      "support": 101.0
    },
    "Metal": {
      "precision": 0.7835051546391752,
      "recall": 0.8,
      "f1-score": 0.7916666666666666,
      "support": 95.0
    },
    "Paper": {
      "precision": 0.7816091954022989,
      "recall": 0.7640449438202247,
      "f1-score": 0.7727272727272727,
      "support": 89.0
    },
    "Plastic": {
      "precision": 0.7717391304347826,
      "recall": 0.7634408602150538,
      "f1-score": 0.7675675675675676,
      "support": 93.0
    },
    "accuracy": 0.8227513227513228,
    "macro avg": {
      "precision": 0.819507487766123,
      "recall": 0.8194952133850573,
      "f1-score": 0.8194435787108201,
      "support": 378.0
    },
    "weighted avg": {
      "precision": 0.822293044289346,
      "recall": 0.8227513227513228,
      "f1-score": 0.822465444407152,
      "support": 378.0
    }
  },
  "input_shape": [
    1,
    224,
    224,
    3
  ],
  "input_dtype": "<class 'numpy.float32'>",
  "input_quant": {
    "scale": 0.0,
    "zero_point": 0
  }
}