{
  "fp32": {
    "model": "fp32.tflite",
    "file_size_mb": 3.5857696533203125,
    "file_sha1": "60c253092b971521ab961c8abc48a20244fe5f92",
    "tflite_runtime_version": "unknown",
    "tensorflow_version": "not_installed",
    "backend_used": "tflite_runtime",
    "dataset": {
      "path": "data_mixed",
      "num_images": 378,
      "classes": [
        "Biological",
        "Metal",
        "Paper",
        "Plastic"
      ],
      "class_order_source": "classes.json"
    },
    "settings": {
      "warmup_runs": 30,
      "bench_runs": 300,
      "load_reps": 5,
      "sample_every": 10,
      "num_threads": 4,
      "float_preprocess_mode": "raw_255",
      "seed": 42
    },
    "load_time_mean_s": 0.015305681800055027,
    "load_time_std_s": 0.027184903799089232,
    "infer_ms_mean": 27.35462704664921,
    "infer_ms_std": 1.7924011230789865,
    "infer_ms_p50": 27.21617949987376,
    "infer_ms_p95": 29.951333200187946,
    "throughput_img_s": 36.556886639128734,
    "cpu_mean": 166.09333333333333,
    "cpu_peak": 193.1,
    "ram_mean_mb": 95.430078125,
    "ram_peak_mb": 95.48828125,
    "temp_start_c": 62.809,
    "temp_mean_c": 68.6043,
    "temp_peak_c": 70.114,
    "accuracy": 0.8227513227513228,
    "macro_f1": 0.8194435787108201,
    "per_class_report": {
      "Biological": {
        "precision": 0.9411764705882353,
        "recall": 0.9504950495049505,
        "f1-score": 0.9458128078817734,
        "support": 101.0
      },
      "Metal": {
        "precision": 0.7835051546391752,
        "recall": 0.8,
        "f1-score": 0.7916666666666666,
        "support": 95.0
      },
      "Paper": {
        "precision": 0.7816091954022989,
        "recall": 0.7640449438202247,
        "f1-score": 0.7727272727272727,
        "support": 89.0
      },
      "Plastic": {
        "precision": 0.7717391304347826,
        "recall": 0.7634408602150538,
        "f1-score": 0.7675675675675676,
        "support": 93.0
      },
      "accuracy": 0.8227513227513228,
      "macro avg": {
        "precision": 0.819507487766123,
        "recall": 0.8194952133850573,
        "f1-score": 0.8194435787108201,
        "support": 378.0
      },
      "weighted avg": {
        "precision": 0.822293044289346,
        "recall": 0.8227513227513228,
        "f1-score": 0.822465444407152,
        "support": 378.0
      }
    },
    "input_shape": [
      1,
      224,
      224,
      3
    ],
    "input_dtype": "<class 'numpy.float32'>",
    "input_quant": {
      "scale": 0.0,
      "zero_point": 0
    }
  },
  "fp16": {
    "model": "fp16.tflite",
    "file_size_mb": 1.8481788635253906,
    "file_sha1": "49cb0e2be0a96f18b3d8630b8d59d28fe4f678f5",
    "tflite_runtime_version": "unknown",
    "tensorflow_version": "not_installed",
    "backend_used": "tflite_runtime",
    "dataset": {
      "path": "data_mixed",
      "num_images": 378,
      "classes": [
        "Biological",
        "Metal",
        "Paper",
        "Plastic"
      ],
      "class_order_source": "classes.json"
    },
    "settings": {
      "warmup_runs": 30,
      "bench_runs": 300,
      "load_reps": 5,
      "sample_every": 10,
      "num_threads": 4,
      "float_preprocess_mode": "raw_255",
      "seed": 42
    },
    "load_time_mean_s": 0.011612082600004214,
    "load_time_std_s": 0.018896360966726932,
    "infer_ms_mean": 27.57635994666998,
    "infer_ms_std": 1.595695787160807,
    "infer_ms_p50": 27.382078999835358,
    "infer_ms_p95": 30.162274900044398,
    "throughput_img_s": 36.262944128010496,
    "cpu_mean": 169.4166666666667,
    "cpu_peak": 240.0,
    "ram_mean_mb": 97.47421875,
    "ram_peak_mb": 97.4921875,
    "temp_start_c": 68.166,
    "temp_mean_c": 69.77310000000001,
    "temp_peak_c": 71.575,
    "accuracy": 0.8253968253968254,
    "macro_f1": 0.8221362868301876,
    "per_class_report": {
      "Biological": {
        "precision": 0.9411764705882353,
        "recall": 0.9504950495049505,
        "f1-score": 0.9458128078817734,
        "support": 101.0
      },
      "Metal": {
        "precision": 0.7916666666666666,
        "recall": 0.8,
        "f1-score": 0.7958115183246073,
        "support": 95.0
      },
      "Paper": {
        "precision": 0.7816091954022989,
        "recall": 0.7640449438202247,
        "f1-score": 0.7727272727272727,
        "support": 89.0
      },
      "Plastic": {
        "precision": 0.7741935483870968,
        "recall": 0.7741935483870968,
        "f1-score": 0.7741935483870968,
        "support": 93.0
      },
      "accuracy": 0.8253968253968254,
      "macro avg": {
        "precision": 0.8221614702610744,
        "recall": 0.822183385428068,
        "f1-score": 0.8221362868301876,
        "support": 378.0
      },
      "weighted avg": {
        "precision": 0.8249480826813483,
        "recall": 0.8253968253968254,
        "f1-score": 0.825137341559852,
        "support": 378.0
      }
    },
    "input_shape": [
      1,
      224,
      224,
      3
    ],
    "input_dtype": "<class 'numpy.float32'>",
    "input_quant": {
      "scale": 0.0,
      "zero_point": 0
    }
  },
  "drq": {
    "model": "drq.tflite",
    "file_size_mb": 1.077911376953125,
    "file_sha1": "386242ba01871d31d0388ba485d24df58d320c2d",
    "tflite_runtime_version": "unknown",
    "tensorflow_version": "not_installed",
    "backend_used": "tflite_runtime",
    "dataset": {
      "path": "data_mixed",
      "num_images": 378,
      "classes": [
        "Biological",
        "Metal",
        "Paper",
        "Plastic"
      ],
      "class_order_source": "classes.json"
    },
    "settings": {
      "warmup_runs": 30,
      "bench_runs": 300,
      "load_reps": 5,
      "sample_every": 10,
      "num_threads": 4,
      "float_preprocess_mode": "raw_255",
      "seed": 42
    },
    "load_time_mean_s": 0.00832829099990704,
    "load_time_std_s": 0.01231671692607917,
    "infer_ms_mean": 58.91434386667697,
    "infer_ms_std": 10.431208196762432,
    "infer_ms_p50": 55.86750299994492,
    "infer_ms_p95": 73.82794889990694,
    "throughput_img_s": 16.973795078886013,
    "cpu_mean": 273.2633333333333,
    "cpu_peak": 339.0,
    "ram_mean_mb": 90.71484375,
    "ram_peak_mb": 90.71484375,
    "temp_start_c": 69.627,
    "temp_mean_c": 73.05223333333333,
    "temp_peak_c": 74.01,
    "accuracy": 0.8359788359788359,
    "macro_f1": 0.8303497831264803,
    "per_class_report": {
      "Biological": {
        "precision": 0.9099099099099099,
        "recall": 1.0,
        "f1-score": 0.9528301886792453,
        "support": 101.0
      },
      "Metal": {
        "precision": 0.797979797979798,
        "recall": 0.8315789473684211,
        "f1-score": 0.8144329896907216,
        "support": 95.0
      },
      "Paper": {
        "precision": 0.8421052631578947,
        "recall": 0.7191011235955056,
        "f1-score": 0.7757575757575758,
        "support": 89.0
      },
      "Plastic": {
        "precision": 0.782608695652174,
        "recall": 0.7741935483870968,
        "f1-score": 0.7783783783783784,
        "support": 93.0
      },
      "accuracy": 0.8359788359788359,
      "macro avg": {
        "precision": 0.8331509166749441,
        "recall": 0.8312184048377558,
        "f1-score": 0.8303497831264803,
        "support": 378.0
      },
      "weighted avg": {
        "precision": 0.8344946000679538,
        "recall": 0.8359788359788359,
        "f1-score": 0.8334354404995655,
        "support": 378.0
      }
    },
    "input_shape": [
      1,
      224,
      224,
      3
    ],
    "input_dtype": "<class 'numpy.float32'>",
    "input_quant": {
      "scale": 0.0,
      "zero_point": 0
    }
  },
  "int8_full_int8io": {
    "model": "int8_full_int8io.tflite",
    "file_size_mb": 1.1807327270507812,
    "file_sha1": "44bb80acdbc84b198bd5e4476b621ad74bc024ad",
    "tflite_runtime_version": "unknown",
    "tensorflow_version": "not_installed",
    "backend_used": "tflite_runtime",
    "dataset": {
      "path": "data_mixed",
      "num_images": 378,