{
  "model": "int8_full_int8io.tflite",
  "file_size_mb": 23.17595672607422,
  "file_sha1": "34ddf22d060e0e8dc05d17da1d42ebe888685ce3",
  "tflite_runtime_version": "unknown",
  "tensorflow_version": "not_installed",
  "backend_used": "tflite_runtime",
  "dataset": {
    "path": "data_mixed",
    "num_images": 378,
    "classes": [
      "Biological",
      "Metal",
      "Paper",
      "Plastic"
    ],
    "class_order_source": "classes.json"
  },
  "settings": {
    "warmup_runs": 30,
    "bench_runs": 300,
    "load_reps": 5,
    "sample_every": 10,
    "num_threads": 4,
    "float_preprocess_mode": "raw_255",
    "seed": 42
  },
  "load_time_mean_s": 0.03418328960005965,
  "load_time_std_s": 0.059361058119677755,
  "infer_ms_mean": 260.7199663166678,
  "infer_ms_std": 6.254948869561529,
  "infer_ms_p50": 260.0223944998561,
  "infer_ms_p95": 267.70330640026714,
  "throughput_img_s": 3.8355328674191767,
  "cpu_mean": 326.56333333333333,
  "cpu_peak": 345.7,
  "ram_mean_mb": 114.095703125,
  "ram_peak_mb": 114.2109375,
  "temp_start_c": 81.802,
  "temp_mean_c": 83.23053333333333,
  "temp_peak_c": 84.237,
  "accuracy": 0.701058201058201,
  "macro_f1": 0.6990857699262818,
  "per_class_report": {
    "Biological": {
      "precision": 1.0,
      "recall": 0.46534653465346537,
      "f1-score": 0.6351351351351351,
      "support": 101.0
    },
    "Metal": {
      "precision": 0.5902777777777778,
      "recall": 0.8947368421052632,
      "f1-score": 0.7112970711297071,
      "support": 95.0
    },
    "Paper": {
      "precision": 0.8289473684210527,
      "recall": 0.7078651685393258,
      "f1-score": 0.7636363636363637,
      "support": 89.0
    },
    "Plastic": {
      "precision": 0.6306306306306306,
      "recall": 0.7526881720430108,
      "f1-score": 0.6862745098039216,
      "support": 93.0
    },
    "accuracy": 0.701058201058201,
    "macro avg": {
      "precision": 0.7624639442073653,
      "recall": 0.7051591793352663,
      "f1-score": 0.6990857699262818,
      "support": 378.0
    },
    "weighted avg": {
      "precision": 0.7658765961032042,
      "recall": 0.701058201058201,
      "f1-score": 0.6971138523316718,
      "support": 378.0
    }
  },
  "input_shape": [
    1,
    224,
    224,
    3
  ],
  "input_dtype": "<class 'numpy.int8'>",
  "input_quant": {
    "scale": 1.0,
    "zero_point": -128
  }
}