{
  "fp32": {
    "model": "fp32.tflite",
    "file_size_mb": 89.69178771972656,
    "file_sha1": "93c90b34ac2c5399f9ff9940311fa73a4002f480",
    "tflite_runtime_version": "unknown",
    "tensorflow_version": "not_installed",
    "backend_used": "tflite_runtime",
    "dataset": {
      "path": "data_mixed",
      "num_images": 378,
      "classes": [
        "Biological",
        "Metal",
        "Paper",
        "Plastic"
      ],
      "class_order_source": "classes.json"
    },
    "settings": {
      "warmup_runs": 30,
      "bench_runs": 300,
      "load_reps": 5,
      "sample_every": 10,
      "num_threads": 4,
      "float_preprocess_mode": "raw_255",
      "seed": 42
    },
    "load_time_mean_s": 0.08244860560002962,
    "load_time_std_s": 0.16095222444651824,
    "infer_ms_mean": 667.0333190866662,
    "infer_ms_std": 12.51474689576536,
    "infer_ms_p50": 667.2345919999998,
    "infer_ms_p95": 686.6648155500229,
    "throughput_img_s": 1.499175485520345,
    "cpu_mean": 286.6866666666666,
    "cpu_peak": 292.6,
    "ram_mean_mb": 272.4986979166667,
    "ram_peak_mb": 272.5,
    "temp_start_c": 50.634,
    "temp_mean_c": 83.1656,
    "temp_peak_c": 84.237,
    "accuracy": 0.6984126984126984,
    "macro_f1": 0.6939611050717244,
    "per_class_report": {
      "Biological": {
        "precision": 1.0,
        "recall": 0.43564356435643564,
        "f1-score": 0.6068965517241379,
        "support": 101.0
      },
      "Metal": {
        "precision": 0.5944055944055944,
        "recall": 0.8947368421052632,
        "f1-score": 0.7142857142857143,
        "support": 95.0
      },
      "Paper": {
        "precision": 0.8266666666666667,
        "recall": 0.6966292134831461,
        "f1-score": 0.7560975609756098,
        "support": 89.0
      },
      "Plastic": {
        "precision": 0.6293103448275862,
        "recall": 0.7849462365591398,
        "f1-score": 0.6985645933014354,
        "support": 93.0
      },
      "accuracy": 0.6984126984126984,
      "macro avg": {
        "precision": 0.7625956514749619,
        "recall": 0.7029889641259961,
        "f1-score": 0.6939611050717244,
        "support": 378.0
      },
      "weighted avg": {
        "precision": 0.7660521874889691,
        "recall": 0.6984126984126984,
        "f1-score": 0.6915684780030253,
        "support": 378.0
      }
    },
    "input_shape": [
      1,
      224,
      224,
      3
    ],
    "input_dtype": "<class 'numpy.float32'>",
    "input_quant": {
      "scale": 0.0,
      "zero_point": 0
    }
  },
  "fp16": {
    "model": "fp16.tflite",
    "file_size_mb": 44.9328498840332,
    "file_sha1": "e8081b0d60cbb1e77d4078a1c843687ab28ac041",
    "tflite_runtime_version": "unknown",
    "tensorflow_version": "not_installed",
    "backend_used": "tflite_runtime",
    "dataset": {
      "path": "data_mixed",
      "num_images": 378,
      "classes": [
        "Biological",
        "Metal",
        "Paper",
        "Plastic"
      ],
      "class_order_source": "classes.json"
    },
    "settings": {
      "warmup_runs": 30,
      "bench_runs": 300,
      "load_reps": 5,
      "sample_every": 10,
      "num_threads": 4,
      "float_preprocess_mode": "raw_255",
      "seed": 42
    },
    "load_time_mean_s": 0.03348668960006762,
    "load_time_std_s": 0.06233639311739469,
    "infer_ms_mean": 689.0324537633327,
    "infer_ms_std": 12.033900935843247,
    "infer_ms_p50": 689.1966375000038,
    "infer_ms_p95": 708.059495200132,
    "throughput_img_s": 1.4513104492222912,
    "cpu_mean": 285.3233333333333,
    "cpu_peak": 291.70000000000005,
    "ram_mean_mb": 317.551953125,
    "ram_peak_mb": 317.58984375,
    "temp_start_c": 81.315,
    "temp_mean_c": 83.37663333333333,
    "temp_peak_c": 84.237,
    "accuracy": 0.6984126984126984,
    "macro_f1": 0.6939611050717244,
    "per_class_report": {
      "Biological": {
        "precision": 1.0,
        "recall": 0.43564356435643564,
        "f1-score": 0.6068965517241379,
        "support": 101.0
      },
      "Metal": {
        "precision": 0.5944055944055944,
        "recall": 0.8947368421052632,
        "f1-score": 0.7142857142857143,
        "support": 95.0
      },
      "Paper": {
        "precision": 0.8266666666666667,
        "recall": 0.6966292134831461,
        "f1-score": 0.7560975609756098,
        "support": 89.0
      },
      "Plastic": {
        "precision": 0.6293103448275862,
        "recall": 0.7849462365591398,
        "f1-score": 0.6985645933014354,
        "support": 93.0
      },
      "accuracy": 0.6984126984126984,
      "macro avg": {
        "precision": 0.7625956514749619,
        "recall": 0.7029889641259961,
        "f1-score": 0.6939611050717244,
        "support": 378.0
      },
      "weighted avg": {
        "precision": 0.7660521874889691,
        "recall": 0.6984126984126984,
        "f1-score": 0.6915684780030253,
        "support": 378.0
      }
    },
    "input_shape": [
      1,
      224,
      224,
      3
    ],
    "input_dtype": "<class 'numpy.float32'>",
    "input_quant": {
      "scale": 0.0,
      "zero_point": 0
    }
  },
  "drq": {
    "model": "drq.tflite",
    "file_size_mb": 22.868560791015625,
    "file_sha1": "4a324e37caf6ea06cc7b06b61a2d3efbd1c1b85e",
    "tflite_runtime_version": "unknown",
    "tensorflow_version": "not_installed",
    "backend_used": "tflite_runtime",
    "dataset": {
      "path": "data_mixed",
      "num_images": 378,
      "classes": [
        "Biological",
        "Metal",
        "Paper",
        "Plastic"
      ],
      "class_order_source": "classes.json"
    },
    "settings": {
      "warmup_runs": 30,
      "bench_runs": 300,
      "load_reps": 5,
      "sample_every": 10,
      "num_threads": 4,
      "float_preprocess_mode": "raw_255",
      "seed": 42
    },
    "load_time_mean_s": 0.03216508420005084,
    "load_time_std_s": 0.05907865000039108,
    "infer_ms_mean": 312.8527433233399,
    "infer_ms_std": 5.017571191423147,
    "infer_ms_p50": 312.86065850008526,
    "infer_ms_p95": 318.6865096998645,
    "throughput_img_s": 3.1963919810237336,
    "cpu_mean": 300.5,
    "cpu_peak": 315.5,
    "ram_mean_mb": 122.48359375,
    "ram_peak_mb": 122.4921875,
    "temp_start_c": 80.341,
    "temp_mean_c": 83.45779999999999,
    "temp_peak_c": 84.724,
    "accuracy": 0.6904761904761905,
    "macro_f1": 0.6870755757403746,
    "per_class_report": {
      "Biological": {
        "precision": 1.0,
        "recall": 0.43564356435643564,
        "f1-score": 0.6068965517241379,
        "support": 101.0
      },
      "Metal": {
        "precision": 0.5874125874125874,
        "recall": 0.8842105263157894,
        "f1-score": 0.7058823529411765,
        "support": 95.0
      },
      "Paper": {
        "precision": 0.8266666666666667,
        "recall": 0.6966292134831461,
        "f1-score": 0.7560975609756098,
        "support": 89.0
      },
      "Plastic": {
        "precision": 0.6120689655172413,
        "recall": 0.7634408602150538,
        "f1-score": 0.6794258373205742,
        "support": 93.0
      },
      "accuracy": 0.6904761904761905,
      "macro avg": {
        "precision": 0.7565370548991239,
        "recall": 0.6949810410926063,
        "f1-score": 0.6870755757403746,
        "support": 378.0
      },
      "weighted avg": {
        "precision": 0.7600527590757474,
        "recall": 0.6904761904761905,
        "f1-score": 0.68474778055871,
        "support": 378.0
      }
    },
    "input_shape": [
      1,
      224,
      224,
      3
    ],
    "input_dtype": "<class 'numpy.float32'>",
    "input_quant": {
      "scale": 0.0,
      "zero_point": 0
    }
  },
  "int8_full_int8io": {
    "model": "int8_full_int8io.tflite",
    "file_size_mb": 23.17595672607422,
    "file_sha1": "34ddf22d060e0e8dc05d17da1d42ebe888685ce3",
    "tflite_runtime_version": "unknown",
    "tensorflow_version": "not_installed",
    "backend_used": "tflite_runtime",
    "dataset": {
      "path": "data_mixed",
      "num_images": 378,