{
  "model": "int8_full_int8io.tflite",
  "file_size_mb": 21.31047821044922,
  "file_sha1": "9712f91542918415e8b1c01db5b8ba62bedc5bc1",
  "tflite_runtime_version": "unknown",
  "tensorflow_version": "not_installed",
  "backend_used": "tflite_runtime",
  "dataset": {
    "path": "data_mixed",
    "num_images": 378,
    "classes": [
      "Biological",
      "Metal",
      "Paper",
      "Plastic"
    ],
    "class_order_source": "classes.json"
  },
  "settings": {
    "warmup_runs": 30,
    "bench_runs": 300,
    "load_reps": 5,
    "sample_every": 10,
    "num_threads": 4,
    "float_preprocess_mode": "minus1_1",
    "seed": 42
  },
  "load_time_mean_s": 0.05651118540008611,
  "load_time_std_s": 0.10418553835894488,
  "infer_ms_mean": 358.9321816733567,
  "infer_ms_std": 6.895632486655568,
  "infer_ms_p50": 358.6069579996547,
  "infer_ms_p95": 367.5539445997856,
  "throughput_img_s": 2.786041628638476,
  "cpu_mean": 317.2933333333333,
  "cpu_peak": 330.29999999999995,
  "ram_mean_mb": 117.20611979166667,
  "ram_peak_mb": 117.5078125,
  "temp_start_c": 81.315,
  "temp_mean_c": 83.4091,
  "temp_peak_c": 85.211,
  "accuracy": 0.8624338624338624,
  "macro_f1": 0.8579103797948555,
  "per_class_report": {
    "Biological": {
      "precision": 0.9803921568627451,
      "recall": 0.9900990099009901,
      "f1-score": 0.9852216748768473,
      "support": 101.0
    },
    "Metal": {
      "precision": 0.8172043010752689,
      "recall": 0.8,
      "f1-score": 0.8085106382978723,
      "support": 95.0
    },
    "Paper": {
      "precision": 0.8,
      "recall": 0.9438202247191011,
      "f1-score": 0.865979381443299,
      "support": 89.0
    },
    "Plastic": {
      "precision": 0.8461538461538461,
      "recall": 0.7096774193548387,
      "f1-score": 0.7719298245614035,
      "support": 93.0
    },
    "accuracy": 0.8624338624338624,
    "macro avg": {
      "precision": 0.8609375760229651,
      "recall": 0.8608991634937324,
      "f1-score": 0.8579103797948555,
      "support": 378.0
    },
    "weighted avg": {
      "precision": 0.8638791643851732,
      "recall": 0.8624338624338624,
      "f1-score": 0.8602580381839247,
      "support": 378.0
    }
  },
  "input_shape": [
    1,
    299,
    299,
    3
  ],
  "input_dtype": "<class 'numpy.int8'>",
  "input_quant": {
    "scale": 0.007843137718737125,
    "zero_point": -1
  }
}