{
  "model": "int8_full_int8io.tflite",
  "file_size_mb": 3.360931396484375,
  "file_sha1": "90d410fd576135b7e60195e8417f678f22415978",
  "tflite_runtime_version": "unknown",
  "tensorflow_version": "not_installed",
  "backend_used": "tflite_runtime",
  "dataset": {
    "path": "data_mixed",
    "num_images": 378,
    "classes": [
      "Biological",
      "Metal",
      "Paper",
      "Plastic"
    ],
    "class_order_source": "classes.json"
  },
  "settings": {
    "warmup_runs": 30,
    "bench_runs": 300,
    "load_reps": 5,
    "sample_every": 10,
    "num_threads": 4,
    "float_preprocess_mode": "minus1_1",
    "seed": 42
  },
  "load_time_mean_s": 0.0021471834000294622,
  "load_time_std_s": 4.510167045230623e-05,
  "infer_ms_mean": 45.01010905666286,
  "infer_ms_std": 1.3283435576861682,
  "infer_ms_p50": 44.034716999931334,
  "infer_ms_p95": 46.78796590028469,
  "throughput_img_s": 22.217231216683082,
  "cpu_mean": 245.13333333333333,
  "cpu_peak": 293.1,
  "ram_mean_mb": 92.11901041666667,
  "ram_peak_mb": 92.44921875,
  "temp_start_c": 77.906,
  "temp_mean_c": 80.12996666666666,
  "temp_peak_c": 81.315,
  "accuracy": 0.8095238095238095,
  "macro_f1": 0.8048730814977471,
  "per_class_report": {
    "Biological": {
      "precision": 0.9494949494949495,
      "recall": 0.9306930693069307,
      "f1-score": 0.94,
      "support": 101.0
    },
    "Metal": {
      "precision": 0.7894736842105263,
      "recall": 0.631578947368421,
      "f1-score": 0.7017543859649122,
      "support": 95.0
    },
    "Paper": {
      "precision": 0.6974789915966386,
      "recall": 0.9325842696629213,
      "f1-score": 0.7980769230769231,
      "support": 89.0
    },
    "Plastic": {
      "precision": 0.8214285714285714,
      "recall": 0.7419354838709677,
      "f1-score": 0.7796610169491526,
      "support": 93.0
    },
    "accuracy": 0.8095238095238095,
    "macro avg": {
      "precision": 0.8144690491826714,
      "recall": 0.8091979425523101,
      "f1-score": 0.8048730814977471,
      "support": 378.0
    },
    "weighted avg": {
      "precision": 0.8184324796136188,
      "recall": 0.8095238095238095,
      "f1-score": 0.8072592259174179,
      "support": 378.0
    }
  },
  "input_shape": [
    1,
    224,
    224,
    3
  ],
  "input_dtype": "<class 'numpy.int8'>",
  "input_quant": {
    "scale": 0.007843137718737125,
    "zero_point": -1
  }
}