{
  "model": "int8_full_int8io.tflite",
  "file_size_mb": 5.1611480712890625,
  "file_sha1": "3e1a2315b6e328c5978e5af7fe831fcdbdd5e93d",
  "tflite_runtime_version": "unknown",
  "tensorflow_version": "not_installed",
  "backend_used": "tflite_runtime",
  "dataset": {
    "path": "data_mixed",
    "num_images": 378,
    "classes": [
      "Biological",
      "Metal",
      "Paper",
      "Plastic"
    ],
    "class_order_source": "classes.json"
  },
  "settings": {
    "warmup_runs": 30,
    "bench_runs": 300,
    "load_reps": 5,
    "sample_every": 10,
    "num_threads": 4,
    "float_preprocess_mode": "minus1_1",
    "seed": 42
  },
  "load_time_mean_s": 0.009396439800002553,
  "load_time_std_s": 0.00018774586436353052,
  "infer_ms_mean": 145.26961994664816,
  "infer_ms_std": 0.5004822142298218,
  "infer_ms_p50": 145.17382300027748,
  "infer_ms_p95": 145.97768784979053,
  "throughput_img_s": 6.883751746354543,
  "cpu_mean": 304.3066666666667,
  "cpu_peak": 331.5,
  "ram_mean_mb": 94.684375,
  "ram_peak_mb": 94.87890625,
  "temp_start_c": 75.958,
  "temp_mean_c": 80.06503333333332,
  "temp_peak_c": 81.802,
  "accuracy": 0.3544973544973545,
  "macro_f1": 0.23661056831551486,
  "per_class_report": {
    "Biological": {
      "precision": 0.448,
      "recall": 0.5544554455445545,
      "f1-score": 0.49557522123893805,
      "support": 101.0
    },
    "Metal": {
      "precision": 0.0,
      "recall": 0.0,
      "f1-score": 0.0,
      "support": 95.0
    },
    "Paper": {
      "precision": 0.0,
      "recall": 0.0,
      "f1-score": 0.0,
      "support": 89.0
    },
    "Plastic": {
      "precision": 0.308300395256917,
      "recall": 0.8387096774193549,
      "f1-score": 0.4508670520231214,
      "support": 93.0
    },
    "accuracy": 0.3544973544973545,
    "macro avg": {
      "precision": 0.18907509881422924,
      "recall": 0.34829128074097737,
      "f1-score": 0.23661056831551486,
      "support": 378.0
    },
    "weighted avg": {
      "precision": 0.1955553882510404,
      "recall": 0.3544973544973545,
      "f1-score": 0.2433432094795847,
      "support": 378.0
    }
  },
  "input_shape": [
    1,
    224,
    224,
    3
  ],
  "input_dtype": "<class 'numpy.int8'>",
  "input_quant": {
    "scale": 0.007843137718737125,
    "zero_point": -1
  }
}