{
  "fp32": {
    "model": "fp32.tflite",
    "file_size_mb": 16.35348892211914,
    "file_sha1": "d0283b6f6cedb2fc33a3213577765f43ff989071",
    "tflite_runtime_version": "unknown",
    "tensorflow_version": "not_installed",
    "backend_used": "tflite_runtime",
    "dataset": {
      "path": "data_mixed",
      "num_images": 378,
      "classes": [
        "Biological",
        "Metal",
        "Paper",
        "Plastic"
      ],
      "class_order_source": "classes.json"
    },
    "settings": {
      "warmup_runs": 30,
      "bench_runs": 300,
      "load_reps": 5,
      "sample_every": 10,
      "num_threads": 4,
      "float_preprocess_mode": "minus1_1",
      "seed": 42
    },
    "load_time_mean_s": 0.0061767642000631895,
    "load_time_std_s": 0.0005159188183579897,
    "infer_ms_mean": 217.18322764000732,
    "infer_ms_std": 4.545472013652251,
    "infer_ms_p50": 217.16665899998588,
    "infer_ms_p95": 224.51705060020686,
    "throughput_img_s": 4.604407121426305,
    "cpu_mean": 231.81,
    "cpu_peak": 239.2,
    "ram_mean_mb": 122.91940104166666,
    "ram_peak_mb": 122.9296875,
    "temp_start_c": 58.426,
    "temp_mean_c": 75.17880000000001,
    "temp_peak_c": 76.445,
    "accuracy": 0.8703703703703703,
    "macro_f1": 0.8681017661716366,
    "per_class_report": {
      "Biological": {
        "precision": 0.9803921568627451,
        "recall": 0.9900990099009901,
        "f1-score": 0.9852216748768473,
        "support": 101.0
      },
      "Metal": {
        "precision": 0.7835051546391752,
        "recall": 0.8,
        "f1-score": 0.7916666666666666,
        "support": 95.0
      },
      "Paper": {
        "precision": 0.8791208791208791,
        "recall": 0.898876404494382,
        "f1-score": 0.8888888888888888,
        "support": 89.0
      },
      "Plastic": {
        "precision": 0.8295454545454546,
        "recall": 0.7849462365591398,
        "f1-score": 0.8066298342541437,
        "support": 93.0
      },
      "accuracy": 0.8703703703703703,
      "macro avg": {
        "precision": 0.8681409112920635,
        "recall": 0.8684804127386281,
        "f1-score": 0.8681017661716366,
        "support": 378.0
      },
      "weighted avg": {
        "precision": 0.8699526006569959,
        "recall": 0.8703703703703703,
        "f1-score": 0.8699561063297391,
        "support": 378.0
      }
    },
    "input_shape": [
      1,
      224,
      224,
      3
    ],
    "input_dtype": "<class 'numpy.float32'>",
    "input_quant": {
      "scale": 0.0,
      "zero_point": 0
    }
  },
  "fp16": {
    "model": "fp16.tflite",
    "file_size_mb": 8.403812408447266,
    "file_sha1": "e8d33083f9a69138e9accec909cbe8b402e2e3d9",
    "tflite_runtime_version": "unknown",
    "tensorflow_version": "not_installed",
    "backend_used": "tflite_runtime",
    "dataset": {
      "path": "data_mixed",
      "num_images": 378,
      "classes": [
        "Biological",
        "Metal",
        "Paper",
        "Plastic"
      ],
      "class_order_source": "classes.json"
    },
    "settings": {
      "warmup_runs": 30,
      "bench_runs": 300,
      "load_reps": 5,
      "sample_every": 10,
      "num_threads": 4,
      "float_preprocess_mode": "minus1_1",
      "seed": 42
    },
    "load_time_mean_s": 0.011139251599888666,
    "load_time_std_s": 0.0002316285758649838,
    "infer_ms_mean": 219.217699560013,
    "infer_ms_std": 4.862093399835784,
    "infer_ms_p50": 218.87480300074458,
    "infer_ms_p95": 227.15207040009773,
    "throughput_img_s": 4.561675457807823,
    "cpu_mean": 232.59,
    "cpu_peak": 241.3,
    "ram_mean_mb": 131.579296875,
    "ram_peak_mb": 131.61328125,
    "temp_start_c": 74.984,
    "temp_mean_c": 78.01963333333333,
    "temp_peak_c": 79.367,
    "accuracy": 0.873015873015873,
    "macro_f1": 0.8707567692410043,
    "per_class_report": {
      "Biological": {
        "precision": 0.9803921568627451,
        "recall": 0.9900990099009901,
        "f1-score": 0.9852216748768473,
        "support": 101.0
      },
      "Metal": {
        "precision": 0.7835051546391752,
        "recall": 0.8,
        "f1-score": 0.7916666666666666,
        "support": 95.0
      },
      "Paper": {
        "precision": 0.8804347826086957,
        "recall": 0.9101123595505618,
        "f1-score": 0.8950276243093923,
        "support": 89.0
      },
      "Plastic": {
        "precision": 0.8390804597701149,
        "recall": 0.7849462365591398,
        "f1-score": 0.8111111111111111,
        "support": 93.0
      },
      "accuracy": 0.873015873015873,
      "macro avg": {
        "precision": 0.8708531384701828,
        "recall": 0.8712894015026729,
        "f1-score": 0.8707567692410043,
        "support": 378.0
      },
      "weighted avg": {
        "precision": 0.8726078728694538,
        "recall": 0.873015873015873,
        "f1-score": 0.8725040063300639,
        "support": 378.0
      }
    },
    "input_shape": [
      1,
      224,
      224,
      3
    ],
    "input_dtype": "<class 'numpy.float32'>",
    "input_quant": {
      "scale": 0.0,
      "zero_point": 0
    }
  },
  "drq": {
    "model": "drq.tflite",
    "file_size_mb": 4.8163604736328125,
    "file_sha1": "b2a0944f8fb1a53a065ad4debd5995a5ec59e6c5",
    "tflite_runtime_version": "unknown",
    "tensorflow_version": "not_installed",
    "backend_used": "tflite_runtime",
    "dataset": {
      "path": "data_mixed",
      "num_images": 378,
      "classes": [
        "Biological",
        "Metal",
        "Paper",
        "Plastic"
      ],
      "class_order_source": "classes.json"
    },
    "settings": {
      "warmup_runs": 30,
      "bench_runs": 300,
      "load_reps": 5,
      "sample_every": 10,
      "num_threads": 4,
      "float_preprocess_mode": "minus1_1",
      "seed": 42
    },
    "load_time_mean_s": 0.011255934200016781,
    "load_time_std_s": 0.00010050772999369034,
    "infer_ms_mean": 691.1525494266243,
    "infer_ms_std": 37.869684690081655,
    "infer_ms_p50": 684.5798664994618,
    "infer_ms_p95": 737.6235634996192,
    "throughput_img_s": 1.446858585459308,
    "cpu_mean": 332.6366666666667,
    "cpu_peak": 343.7,
    "ram_mean_mb": 98.04296875,
    "ram_peak_mb": 98.04296875,
    "temp_start_c": 75.958,
    "temp_mean_c": 77.28913333333334,
    "temp_peak_c": 78.393,
    "accuracy": 0.8650793650793651,
    "macro_f1": 0.8630303276217353,
    "per_class_report": {
      "Biological": {
        "precision": 0.99,
        "recall": 0.9801980198019802,
        "f1-score": 0.9850746268656716,
        "support": 101.0
      },
      "Metal": {
        "precision": 0.7872340425531915,
        "recall": 0.7789473684210526,
        "f1-score": 0.783068783068783,
        "support": 95.0
      },
      "Paper": {
        "precision": 0.8695652173913043,
        "recall": 0.898876404494382,
        "f1-score": 0.8839779005524862,
        "support": 89.0
      },
      "Plastic": {
        "precision": 0.8043478260869565,
        "recall": 0.7956989247311828,
        "f1-score": 0.8,
        "support": 93.0
      },
      "accuracy": 0.8650793650793651,
      "macro avg": {
        "precision": 0.8627867715078631,
        "recall": 0.8634301793621495,
        "f1-score": 0.8630303276217353,
        "support": 378.0
      },
      "weighted avg": {
        "precision": 0.8650076354932967,
        "recall": 0.8650793650793651,
        "f1-score": 0.8649685313601547,
        "support": 378.0
      }
    },
    "input_shape": [
      1,
      224,
      224,
      3
    ],
    "input_dtype": "<class 'numpy.float32'>",
    "input_quant": {
      "scale": 0.0,
      "zero_point": 0
    }
  },
  "int8_full_int8io": {
    "model": "int8_full_int8io.tflite",
    "file_size_mb": 5.1611480712890625,
    "file_sha1": "3e1a2315b6e328c5978e5af7fe831fcdbdd5e93d",
    "tflite_runtime_version": "unknown",
    "tensorflow_version": "not_installed",
    "backend_used": "tflite_runtime",
    "dataset": {
      "path": "data_mixed",
      "num_images": 378,