{
  "model": "int8_full_int8io.tflite",
  "file_size_mb": 4.710578918457031,
  "file_sha1": "25efe8ef4b63063d73e5a6babe84250122b7743c",
  "tflite_runtime_version": "unknown",
  "tensorflow_version": "not_installed",
  "backend_used": "tflite_runtime",
  "dataset": {
    "path": "data_mixed",
    "num_images": 378,
    "classes": [
      "Biological",
      "Metal",
      "Paper",
      "Plastic"
    ],
    "class_order_source": "classes.json"
  },
  "settings": {
    "warmup_runs": 30,
    "bench_runs": 300,
    "load_reps": 5,
    "sample_every": 10,
    "num_threads": 4,
    "float_preprocess_mode": "raw_255",
    "seed": 42
  },
  "load_time_mean_s": 0.004388791599922115,
  "load_time_std_s": 0.00174998856689216,
  "infer_ms_mean": 194.2496133833932,
  "infer_ms_std": 2.287930350977597,
  "infer_ms_p50": 194.29109149950818,
  "infer_ms_p95": 195.07727879972663,
  "throughput_img_s": 5.148015394122231,
  "cpu_mean": 205.77333333333328,
  "cpu_peak": 222.0,
  "ram_mean_mb": 94.455078125,
  "ram_peak_mb": 94.76953125,
  "temp_start_c": 72.062,
  "temp_mean_c": 72.61393333333334,
  "temp_peak_c": 74.01,
  "accuracy": 0.8121693121693122,
  "macro_f1": 0.8091004348612454,
  "per_class_report": {
    "Biological": {
      "precision": 0.989247311827957,
      "recall": 0.9108910891089109,
      "f1-score": 0.9484536082474226,
      "support": 101.0
    },
    "Metal": {
      "precision": 0.8157894736842105,
      "recall": 0.6526315789473685,
      "f1-score": 0.7251461988304093,
      "support": 95.0
    },
    "Paper": {
      "precision": 0.7033898305084746,
      "recall": 0.9325842696629213,
      "f1-score": 0.8019323671497585,
      "support": 89.0
    },
    "Plastic": {
      "precision": 0.7692307692307693,
      "recall": 0.7526881720430108,
      "f1-score": 0.7608695652173914,
      "support": 93.0
    },
    "accuracy": 0.8121693121693122,
    "macro avg": {
      "precision": 0.8194143463128528,
      "recall": 0.8121987774405528,
      "f1-score": 0.8091004348612454,
      "support": 378.0
    },
    "weighted avg": {
      "precision": 0.8242172882231201,
      "recall": 0.8121693121693122,
      "f1-score": 0.8116813586333981,
      "support": 378.0
    }
  },
  "input_shape": [
    1,
    224,
    224,
    3
  ],
  "input_dtype": "<class 'numpy.int8'>",
  "input_quant": {
    "scale": 1.0,
    "zero_point": -128
  }
}